_id,max_value,count
"{'city': 'MNB', 'hour': '2016-02-02 14'}",15499.0,8
"{'city': 'MNB', 'hour': '2016-02-02 15'}",14195.0,3
"{'city': 'MNB', 'hour': '2016-02-02 13'}",13465.0,2
"{'city': 'MNB', 'hour': '2016-02-04 18'}",12936.0,2
"{'city': 'MNB', 'hour': '2016-02-04 17'}",11710.0,2
"{'city': 'MNB', 'hour': '2016-02-01 23'}",11312.0,2
"{'city': 'MNB', 'hour': '2016-02-02 00'}",11284.0,2
"{'city': 'MNB', 'hour': '2016-02-03 17'}",11160.0,2
"{'city': 'MNB', 'hour': '2016-02-01 11'}",10969.0,2
"{'city': '100 ail', 'hour': '2016-01-30 15'}",10713.0,4
"{'city': 'MNB', 'hour': '2016-02-02 01'}",10555.0,2
"{'city': 'MNB', 'hour': '2016-02-03 18'}",10362.0,2
"{'city': '100 ail', 'hour': '2016-01-31 01'}",10075.0,8
"{'city': '100 ail', 'hour': '2016-01-30 16'}",10022.0,7
"{'city': '100 ail', 'hour': '2016-01-31 00'}",10013.0,7
"{'city': '100 ail', 'hour': '2016-02-01 22'}",9956.0,6
"{'city': 'MNB', 'hour': '2016-02-04 19'}",9945.0,2
"{'city': 'MNB', 'hour': '2016-02-02 18'}",9912.0,2
"{'city': 'R K Puram, Delhi - DPCC', 'hour': '2016-02-05 16'}",9600.0,3
"{'city': 'MNB', 'hour': '2016-02-03 15'}",9583.0,2
"{'city': '100 ail', 'hour': '2016-01-30 19'}",9575.0,7
"{'city': 'MNB', 'hour': '2016-02-02 19'}",9491.0,2
"{'city': 'R K Puram, Delhi - DPCC', 'hour': '2016-02-05 17'}",9400.0,3
"{'city': '100 ail', 'hour': '2016-01-30 20'}",9294.0,8
"{'city': 'MNB', 'hour': '2016-02-04 20'}",9276.0,2
"{'city': '100 ail', 'hour': '2016-02-01 20'}",9138.0,8
"{'city': 'MNB', 'hour': '2016-02-03 16'}",9075.0,2
"{'city': 'MNB', 'hour': '2016-02-02 16'}",9028.0,2
"{'city': '100 ail', 'hour': '2016-01-29 23'}",8913.0,6
"{'city': '100 ail', 'hour': '2016-01-30 22'}",8854.0,5
"{'city': '100 ail', 'hour': '2016-02-01 01'}",8806.0,4
"{'city': 'MNB', 'hour': '2016-02-01 12'}",8716.0,2
"{'city': 'R K Puram, Delhi - DPCC', 'hour': '2016-02-05 15'}",8700.0,3
"{'city': 'MNB', 'hour': '2016-02-01 10'}",8695.0,2
"{'city': 'MNB', 'hour': '2016-02-01 19'}",8624.0,2
"{'city': '100 ail', 'hour': '2016-01-30 00'}",8534.0,8
"{'city': 'R K Puram, Delhi - DPCC', 'hour': '2016-02-05 18'}",8500.0,3
"{'city': '100 ail', 'hour': '2016-01-30 23'}",8466.0,4
"{'city': 'MNB', 'hour': '2016-02-04 16'}",8396.0,2
"{'city': '100 ail', 'hour': '2016-02-01 17'}",8375.0,8
"{'city': 'MNB', 'hour': '2016-02-01 20'}",8216.0,2
"{'city': '100 ail', 'hour': '2016-01-30 01'}",7975.0,8
"{'city': '100 ail', 'hour': '2016-02-01 21'}",7700.0,8
"{'city': '100 ail', 'hour': '2016-02-01 02'}",7547.0,8
"{'city': 'Punjabi Bagh, Delhi - DPCC', 'hour': '2016-02-05 18'}",7500.0,5
"{'city': 'R K Puram, Delhi - DPCC', 'hour': '2016-02-05 19'}",7400.0,3
"{'city': 'MNB', 'hour': '2016-02-01 01'}",7339.0,2
"{'city': '100 ail', 'hour': '2016-02-01 18'}",7216.0,8
"{'city': 'MNB', 'hour': '2016-02-02 17'}",7192.0,2
"{'city': 'MNB', 'hour': '2016-02-01 22'}",7184.0,2
"{'city': '100 ail', 'hour': '2016-02-01 19'}",7088.0,8
"{'city': '100 ail', 'hour': '2016-01-31 02'}",6972.0,8
"{'city': 'MNB', 'hour': '2016-02-02 20'}",6951.0,2
"{'city': '100 ail', 'hour': '2016-02-01 15'}",6938.0,7
"{'city': 'MNB', 'hour': '2016-02-01 16'}",6924.0,2
"{'city': 'MNB', 'hour': '2016-02-03 19'}",6922.0,2
"{'city': 'MNB', 'hour': '2016-02-03 14'}",6786.0,2
"{'city': 'MNB', 'hour': '2016-02-01 18'}",6782.0,2
"{'city': '100 ail', 'hour': '2016-02-01 14'}",6763.0,4
"{'city': 'Amgalan', 'hour': '2016-01-31 00'}",6737.0,2
"{'city': 'R K Puram, Delhi - DPCC', 'hour': '2016-02-05 20'}",6600.0,3
"{'city': 'MNB', 'hour': '2016-02-01 14'}",6539.0,2
"{'city': 'MNB', 'hour': '2016-02-01 13'}",6525.0,2
"{'city': 'MNB', 'hour': '2016-02-01 21'}",6501.0,2
"{'city': 'Baruun 4 zam', 'hour': '2016-02-01 20'}",6500.0,4
"{'city': 'Punjabi Bagh, Delhi - DPCC', 'hour': '2016-02-05 17'}",6400.0,3
"{'city': 'MNB', 'hour': '2016-02-02 02'}",6336.0,2
"{'city': '100 ail', 'hour': '2016-01-30 14'}",6300.0,4
"{'city': 'MNB', 'hour': '2016-02-01 15'}",6212.0,2
"{'city': 'MNB', 'hour': '2016-02-01 17'}",6168.0,2
"{'city': '100 ail', 'hour': '2016-01-30 17'}",6003.0,8
"{'city': '100 ail', 'hour': '2016-02-01 16'}",6003.0,8
"{'city': '100 ail', 'hour': '2016-01-30 13'}",6000.0,4
"{'city': 'Amgalan', 'hour': '2016-01-31 01'}",5921.0,2
"{'city': 'R K Puram, Delhi - DPCC', 'hour': '2016-02-05 14'}",5900.0,1
"{'city': 'MNB', 'hour': '2016-02-02 21'}",5890.0,2
"{'city': 'Amgalan', 'hour': '2016-02-02 11'}",5863.0,2
"{'city': 'Baruun 4 zam', 'hour': '2016-02-01 19'}",5719.0,3
"{'city': 'Baruun 4 zam', 'hour': '2016-02-01 14'}",5681.0,4
"{'city': 'Amgalan', 'hour': '2016-02-02 12'}",5533.0,2
"{'city': 'Baruun 4 zam', 'hour': '2016-02-01 16'}",5525.0,4
"{'city': '100 ail', 'hour': '2016-02-01 10'}",5488.0,4
"{'city': '100 ail', 'hour': '2016-02-01 11'}",5438.0,4
"{'city': 'Baruun 4 zam', 'hour': '2016-02-01 18'}",5413.0,4
"{'city': 'Punjabi Bagh, Delhi - DPCC', 'hour': '2016-02-05 16'}",5400.0,3
"{'city': 'MNB', 'hour': '2016-02-02 12'}",5387.0,2
"{'city': '100 ail', 'hour': '2016-02-01 13'}",5279.0,5
"{'city': 'MNB', 'hour': '2016-02-04 15'}",5210.0,2
"{'city': 'Baruun 4 zam', 'hour': '2016-01-30 16'}",5188.0,4
"{'city': '100 ail', 'hour': '2016-02-01 12'}",5188.0,5
"{'city': 'Bukhiin urguu', 'hour': '2016-01-30 14'}",5125.0,4
"{'city': 'Baruun 4 zam', 'hour': '2016-02-01 15'}",5059.0,4
"{'city': 'Baruun 4 zam', 'hour': '2016-02-01 17'}",5017.0,4
"{'city': 'R K Puram, Delhi - DPCC', 'hour': '2016-02-08 15'}",5000.0,3
"{'city': 'Baruun 4 zam', 'hour': '2016-02-01 02'}",4925.0,4
"{'city': 'Baruun 4 zam', 'hour': '2016-02-01 01'}",4917.0,2
"{'city': 'Amgalan', 'hour': '2016-01-30 15'}",4861.0,2
"{'city': '100 ail', 'hour': '2016-01-30 18'}",4803.0,7
"{'city': 'Amgalan', 'hour': '2016-02-02 17'}",4784.0,2
"{'city': 'Baruun 4 zam', 'hour': '2016-01-30 17'}",4747.0,4
"{'city': 'R K Puram, Delhi - DPCC', 'hour': '2016-02-08 14'}",4700.0,3
"{'city': 'Amgalan', 'hour': '2016-02-02 09'}",4657.0,2
"{'city': 'Amgalan', 'hour': '2016-01-31 13'}",4591.0,2
"{'city': 'Amgalan', 'hour': '2016-01-31 21'}",4504.0,2
"{'city': 'MNB', 'hour': '2016-02-01 02'}",4502.0,2
"{'city': 'Amgalan', 'hour': '2016-01-30 16'}",4495.0,2
"{'city': 'Amgalan', 'hour': '2016-01-31 14'}",4461.0,2
"{'city': 'Bukhiin urguu', 'hour': '2016-01-30 23'}",4450.0,4
"{'city': 'Amgalan', 'hour': '2016-02-02 18'}",4428.0,2
"{'city': 'Amgalan', 'hour': '2016-01-31 17'}",4407.0,2
"{'city': 'Amgalan', 'hour': '2016-02-02 13'}",4402.0,2
"{'city': 'Amgalan', 'hour': '2016-01-31 20'}",4352.0,2
"{'city': 'Punjabi Bagh, Delhi - DPCC', 'hour': '2016-02-05 19'}",4300.0,6
"{'city': 'Amgalan', 'hour': '2016-01-30 17'}",4259.0,2
"{'city': 'Amgalan', 'hour': '2016-02-02 10'}",4254.0,2
"{'city': 'Amgalan', 'hour': '2016-01-31 18'}",4249.0,2
"{'city': 'Amgalan', 'hour': '2016-02-02 14'}",4240.0,2
"{'city': 'MNB', 'hour': '2016-02-02 22'}",4130.0,2
"{'city': 'R K Puram, Delhi - DPCC', 'hour': '2016-02-08 16'}",4100.0,3
"{'city': 'Baruun 4 zam', 'hour': '2016-01-30 15'}",4079.0,4
"{'city': 'MNB', 'hour': '2016-02-03 00'}",4014.0,2
"{'city': 'Punjabi Bagh, Delhi - DPCC', 'hour': '2016-02-05 15'}",4000.0,3
"{'city': 'MNB', 'hour': '2016-02-03 01'}",3987.0,2
"{'city': 'Amgalan', 'hour': '2016-01-31 16'}",3940.0,2
"{'city': 'Amgalan', 'hour': '2016-01-31 15'}",3869.0,2
"{'city': 'Baruun 4 zam', 'hour': '2016-02-01 13'}",3863.0,4
"{'city': 'Amgalan', 'hour': '2016-02-02 15'}",3832.0,2
"{'city': '100 ail', 'hour': '2016-01-30 21'}",3603.0,8
"{'city': 'Baruun 4 zam', 'hour': '2016-01-31 04'}",3569.0,1
"{'city': 'Bukhiin urguu', 'hour': '2016-01-30 20'}",3559.0,4
"{'city': 'Baruun 4 zam', 'hour': '2016-01-30 18'}",3546.0,4
"{'city': 'Amgalan', 'hour': '2016-01-31 02'}",3545.0,2
"{'city': 'Baruun 4 zam', 'hour': '2016-01-30 19'}",3513.0,3
"{'city': 'Baruun 4 zam', 'hour': '2016-01-31 03'}",3500.0,4
"{'city': 'R K Puram, Delhi - DPCC', 'hour': '2016-02-06 18'}",3500.0,3
"{'city': 'Amgalan', 'hour': '2016-01-31 12'}",3494.0,2
"{'city': 'Amgalan', 'hour': '2016-02-02 16'}",3494.0,2
"{'city': 'Amgalan', 'hour': '2016-01-31 19'}",3477.0,2
"{'city': 'Nisekh', 'hour': '2016-02-16 12'}",3468.0,2
"{'city': 'Bukhiin urguu', 'hour': '2016-01-31 00'}",3444.0,4
"{'city': 'Baruun 4 zam', 'hour': '2016-02-01 03'}",3431.0,4
"{'city': 'R K Puram, Delhi - DPCC', 'hour': '2016-02-08 17'}",3400.0,3
"{'city': 'MNB', 'hour': '2016-02-04 21'}",3384.0,1
"{'city': 'Amgalan', 'hour': '2016-01-31 23'}",3370.0,2
"{'city': 'Nisekh', 'hour': '2016-02-18 16'}",3341.0,2
"{'city': 'Amgalan', 'hour': '2016-01-31 22'}",3322.0,2
"{'city': 'Amgalan', 'hour': '2016-02-01 13'}",3302.0,2
"{'city': 'R K Puram, Delhi - DPCC', 'hour': '2016-02-06 19'}",3300.0,4
"{'city': 'Baruun 4 zam', 'hour': '2016-02-01 21'}",3291.0,4
"{'city': 'Bukhiin urguu', 'hour': '2016-01-30 15'}",3269.0,4
"{'city': 'Baruun 4 zam', 'hour': '2016-02-01 10'}",3213.0,4
"{'city': 'MNB', 'hour': '2016-02-03 12'}",3191.0,2
"{'city': 'Amgalan', 'hour': '2016-02-02 20'}",3172.0,2
"{'city': 'Amgalan', 'hour': '2016-02-01 14'}",3158.0,2
"{'city': 'MNB', 'hour': '2016-01-30 00'}",3142.0,2
"{'city': 'Nisekh', 'hour': '2016-02-20 00'}",3136.0,2
"{'city': 'Amgalan', 'hour': '2016-02-01 16'}",3119.0,2
"{'city': 'Amgalan', 'hour': '2016-01-30 12'}",3098.0,2
"{'city': 'Baruun 4 zam', 'hour': '2016-01-30 03'}",3088.0,4
"{'city': 'Amgalan', 'hour': '2016-02-02 21'}",3076.0,2
"{'city': 'Baruun 4 zam', 'hour': '2016-02-01 12'}",3038.0,4
"{'city': 'Baruun 4 zam', 'hour': '2016-01-31 02'}",3017.0,4
"{'city': 'MNB', 'hour': '2016-02-02 09'}",3002.0,2
"{'city': 'Amgalan', 'hour': '2016-01-30 01'}",2984.0,2
"{'city': 'Amgalan', 'hour': '2016-01-30 00'}",2971.0,2
"{'city': 'Baruun 4 zam', 'hour': '2016-02-01 11'}",2934.0,4
"{'city': 'Nisekh', 'hour': '2016-02-16 15'}",2904.0,2
"{'city': 'R K Puram, Delhi - DPCC', 'hour': '2016-02-08 18'}",2900.0,3
"{'city': 'Punjabi Bagh, Delhi - DPCC', 'hour': '2016-02-05 14'}",2900.0,1
"{'city': 'Punjabi Bagh, Delhi - DPCC', 'hour': '2016-02-06 14'}",2900.0,3
"{'city': 'Amgalan', 'hour': '2016-01-30 13'}",2896.0,2
"{'city': 'Amgalan', 'hour': '2016-02-01 12'}",2891.0,2
"{'city': 'Amgalan', 'hour': '2016-02-01 15'}",2866.0,2
"{'city': 'MNB', 'hour': '2016-02-04 00'}",2836.0,2
"{'city': 'Bukhiin urguu', 'hour': '2016-01-30 19'}",2833.0,4
"{'city': 'R K Puram, Delhi - DPCC', 'hour': '2016-02-07 14'}",2800.0,3
"{'city': 'R K Puram, Delhi - DPCC', 'hour': '2016-02-07 13'}",2800.0,3
"{'city': 'Amgalan', 'hour': '2016-02-02 22'}",2786.0,2
"{'city': 'MNB', 'hour': '2016-02-03 13'}",2772.0,2
"{'city': 'MNB', 'hour': '2016-02-02 23'}",2741.0,2
"{'city': 'Amgalan', 'hour': '2016-02-02 23'}",2725.0,2
"{'city': 'Baruun 4 zam', 'hour': '2016-01-30 04'}",2700.0,4
"{'city': 'MNB', 'hour': '2016-02-02 11'}",2699.0,2
"{'city': 'Amgalan', 'hour': '2016-02-02 19'}",2688.0,2
"{'city': 'MNB', 'hour': '2016-02-03 02'}",2681.0,2
"{'city': 'MNB', 'hour': '2016-02-02 10'}",2670.0,2
"{'city': 'Nisekh', 'hour': '2016-02-18 17'}",2670.0,2
"{'city': 'Amgalan', 'hour': '2016-01-30 21'}",2665.0,2
"{'city': 'Amgalan', 'hour': '2016-01-31 10'}",2621.0,2
"{'city': 'Nisekh', 'hour': '2016-02-16 20'}",2606.0,2
"{'city': 'Amgalan', 'hour': '2016-01-31 11'}",2604.0,2
"{'city': 'R K Puram, Delhi - DPCC', 'hour': '2016-02-07 05'}",2600.0,3
"{'city': 'Baruun 4 zam', 'hour': '2016-01-30 02'}",2600.0,4
"{'city': 'Nisekh', 'hour': '2016-02-16 14'}",2590.0,2
"{'city': 'Nisekh', 'hour': '2016-02-16 16'}",2566.0,2
"{'city': 'Bukhiin urguu', 'hour': '2016-01-31 01'}",2563.0,4
"{'city': 'MNB', 'hour': '2016-02-03 11'}",2554.0,2
"{'city': 'Amgalan', 'hour': '2016-02-01 00'}",2551.0,2
"{'city': 'Nisekh', 'hour': '2016-02-16 13'}",2546.0,2
"{'city': 'Amgalan', 'hour': '2016-01-30 18'}",2545.0,2
"{'city': 'Nisekh', 'hour': '2016-02-16 23'}",2545.0,2
"{'city': 'Nisekh', 'hour': '2016-02-16 21'}",2537.0,2
"{'city': 'MNB', 'hour': '2016-02-02 03'}",2533.0,2
"{'city': 'Punjabi Bagh, Delhi - DPCC', 'hour': '2016-02-05 20'}",2500.0,6
"{'city': 'Punjabi Bagh, Delhi - DPCC', 'hour': '2016-02-06 13'}",2500.0,3
"{'city': 'Amgalan', 'hour': '2016-02-03 00'}",2478.0,2
"{'city': 'Bukhiin urguu', 'hour': '2016-02-01 12'}",2475.0,4
"{'city': 'Amgalan', 'hour': '2016-02-02 00'}",2449.0,2
"{'city': '100 ail', 'hour': '2016-01-31 03'}",2434.0,8
"{'city': 'Baruun 4 zam', 'hour': '2016-01-31 01'}",2425.0,4
"{'city': 'R K Puram, Delhi - DPCC', 'hour': '2016-02-06 21'}",2400.0,3
"{'city': 'Nisekh', 'hour': '2016-02-20 01'}",2400.0,2
"{'city': 'R K Puram, Delhi - DPCC', 'hour': '2016-02-07 17'}",2400.0,3
"{'city': 'R K Puram, Delhi - DPCC', 'hour': '2016-02-06 20'}",2400.0,2
"{'city': 'Baruun 4 zam', 'hour': '2016-01-30 21'}",2388.0,4
"{'city': 'Bukhiin urguu', 'hour': '2016-01-29 23'}",2375.0,3
"{'city': 'Bukhiin urguu', 'hour': '2016-02-01 14'}",2363.0,4
"{'city': 'Amgalan', 'hour': '2016-01-30 14'}",2362.0,2
"{'city': 'Amgalan', 'hour': '2016-02-01 17'}",2346.0,2
"{'city': 'Baruun 4 zam', 'hour': '2016-01-30 13'}",2325.0,4
"{'city': '100 ail', 'hour': '2016-02-01 03'}",2309.0,8
"{'city': 'Punjabi Bagh, Delhi - DPCC', 'hour': '2016-02-06 12'}",2300.0,3
"{'city': 'Punjabi Bagh, Delhi - DPCC', 'hour': '2016-02-06 01'}",2300.0,6
"{'city': 'Punjabi Bagh, Delhi - DPCC', 'hour': '2016-02-06 15'}",2300.0,3
"{'city': 'R K Puram, Delhi - DPCC', 'hour': '2016-02-08 03'}",2300.0,3
"{'city': 'R K Puram, Delhi - DPCC', 'hour': '2016-02-09 01'}",2300.0,3
"{'city': 'Nisekh', 'hour': '2016-02-19 21'}",2294.0,2
"{'city': 'Baruun 4 zam', 'hour': '2016-01-30 22'}",2291.0,4
"{'city': 'Amgalan', 'hour': '2016-02-01 23'}",2290.0,2
"{'city': 'Baruun 4 zam', 'hour': '2016-01-30 01'}",2271.0,4
"{'city': 'Amgalan', 'hour': '2016-01-30 20'}",2269.0,2
"{'city': 'Amgalan', 'hour': '2016-02-01 18'}",2262.0,2
"{'city': 'Nisekh', 'hour': '2016-02-17 17'}",2258.0,2
"{'city': 'Amgalan', 'hour': '2016-01-30 02'}",2257.0,2
"{'city': 'Amgalan', 'hour': '2016-01-30 23'}",2253.0,2
"{'city': 'Amgalan', 'hour': '2016-01-30 19'}",2244.0,2
"{'city': 'Amgalan', 'hour': '2016-01-30 22'}",2230.0,2
"{'city': 'Amgalan', 'hour': '2016-02-01 11'}",2225.0,2
"{'city': 'Bukhiin urguu', 'hour': '2016-02-01 13'}",2216.0,3
"{'city': 'MNB', 'hour': '2016-02-03 03'}",2214.0,2
"{'city': 'R K Puram, Delhi - DPCC', 'hour': '2016-02-08 01'}",2200.0,3
"{'city': 'R K Puram, Delhi - DPCC', 'hour': '2016-02-07 15'}",2200.0,3
"{'city': 'Punjabi Bagh, Delhi - DPCC', 'hour': '2016-02-08 14'}",2200.0,3
"{'city': 'R K Puram, Delhi - DPCC', 'hour': '2016-02-08 13'}",2200.0,3
"{'city': 'Punjabi Bagh, Delhi - DPCC', 'hour': '2016-02-06 02'}",2200.0,6
"{'city': 'R K Puram, Delhi - DPCC', 'hour': '2016-02-08 19'}",2200.0,3
"{'city': 'Nisekh', 'hour': '2016-02-19 22'}",2199.0,2
"{'city': 'MNB', 'hour': '2016-02-04 13'}",2193.0,2
"{'city': 'Nisekh', 'hour': '2016-02-16 18'}",2193.0,2
"{'city': 'Amgalan', 'hour': '2016-02-01 20'}",2166.0,2
"{'city': 'Baruun 4 zam', 'hour': '2016-02-01 04'}",2153.0,4
"{'city': 'MNB', 'hour': '2016-02-03 04'}",2145.0,2
"{'city': 'MNB', 'hour': '2016-02-04 12'}",2138.0,2
"{'city': 'Amgalan', 'hour': '2016-02-03 01'}",2132.0,2
"{'city': 'Amgalan', 'hour': '2016-01-29 23'}",2130.0,1
"{'city': '100 ail', 'hour': '2016-01-30 12'}",2121.0,4
"{'city': 'Baruun 4 zam', 'hour': '2016-01-30 14'}",2116.0,4
"{'city': 'Nisekh', 'hour': '2016-02-16 17'}",2111.0,2
"{'city': 'MNB', 'hour': '2016-01-29 23'}",2103.0,1
"{'city': 'R K Puram, Delhi - DPCC', 'hour': '2016-02-09 02'}",2100.0,3
"{'city': 'R K Puram, Delhi - DPCC', 'hour': '2016-02-08 20'}",2100.0,3
"{'city': 'Amgalan', 'hour': '2016-02-02 01'}",2074.0,2
"{'city': 'Nisekh', 'hour': '2016-02-18 00'}",2069.0,2
"{'city': 'Nisekh', 'hour': '2016-02-16 19'}",2052.0,2
"{'city': 'Nisekh', 'hour': '2016-02-17 20'}",2049.0,2
"{'city': 'Nisekh', 'hour': '2016-02-18 20'}",2043.0,2
"{'city': 'Nisekh', 'hour': '2016-02-17 19'}",2041.0,2
"{'city': 'Amgalan', 'hour': '2016-01-31 08'}",2040.0,2
"{'city': 'Nisekh', 'hour': '2016-02-17 18'}",2037.0,2
"{'city': 'Baruun 4 zam', 'hour': '2016-01-30 00'}",2025.0,4
"{'city': 'Baruun 4 zam', 'hour': '2016-01-30 23'}",2022.0,4
"{'city': 'MNB', 'hour': '2016-02-03 23'}",2021.0,2
"{'city': 'Nisekh', 'hour': '2016-02-18 19'}",2010.0,2
"{'city': 'Amgalan', 'hour': '2016-02-03 02'}",2002.0,2
"{'city': 'R K Puram, Delhi - DPCC', 'hour': '2016-02-07 16'}",2000.0,3
"{'city': 'R K Puram, Delhi - DPCC', 'hour': '2016-02-07 19'}",2000.0,3
"{'city': 'R K Puram, Delhi - DPCC', 'hour': '2016-02-07 06'}",2000.0,3
"{'city': 'R K Puram, Delhi - DPCC', 'hour': '2016-02-07 04'}",2000.0,1
"{'city': 'Punjabi Bagh, Delhi - DPCC', 'hour': '2016-02-07 13'}",2000.0,3
"{'city': 'Punjabi Bagh, Delhi - DPCC', 'hour': '2016-02-08 13'}",2000.0,3
"{'city': 'MNB', 'hour': '2016-02-04 14'}",1988.0,2
"{'city': 'Amgalan', 'hour': '2016-02-01 19'}",1974.0,2
"{'city': '100 ail', 'hour': '2016-01-30 10'}",1967.0,4
"{'city': 'MNB', 'hour': '2016-02-04 02'}",1966.0,2
"{'city': 'Nisekh', 'hour': '2016-02-17 21'}",1960.0,2
"{'city': 'Amgalan', 'hour': '2016-02-01 22'}",1959.0,2
"{'city': '100 ail', 'hour': '2016-01-30 11'}",1959.0,4
"{'city': 'Amgalan', 'hour': '2016-01-30 11'}",1958.0,2
"{'city': 'Nisekh', 'hour': '2016-02-18 18'}",1946.0,2
"{'city': 'Nisekh', 'hour': '2016-02-18 01'}",1939.0,2
"{'city': 'Amgalan', 'hour': '2016-02-02 06'}",1929.0,2
"{'city': 'Nisekh', 'hour': '2016-02-17 00'}",1914.0,2
"{'city': 'R K Puram, Delhi - DPCC', 'hour': '2016-02-08 02'}",1900.0,3
"{'city': 'R K Puram, Delhi - DPCC', 'hour': '2016-02-07 03'}",1900.0,3
"{'city': 'Punjabi Bagh, Delhi - DPCC', 'hour': '2016-02-05 23'}",1900.0,6
"{'city': 'Bukhiin urguu', 'hour': '2016-02-01 11'}",1900.0,4
"{'city': 'R K Puram, Delhi - DPCC', 'hour': '2016-02-07 20'}",1900.0,3
"{'city': 'Punjabi Bagh, Delhi - DPCC', 'hour': '2016-02-05 22'}",1900.0,5
"{'city': 'R K Puram, Delhi - DPCC', 'hour': '2016-02-07 21'}",1900.0,3
"{'city': 'Amgalan', 'hour': '2016-02-03 03'}",1898.0,1
"{'city': 'MNB', 'hour': '2016-02-02 04'}",1886.0,2
"{'city': 'Baruun 4 zam', 'hour': '2016-02-01 09'}",1883.0,4
"{'city': 'Nisekh', 'hour': '2016-02-17 15'}",1876.0,2
"{'city': 'Bukhiin urguu', 'hour': '2016-02-01 22'}",1875.0,2
"{'city': 'MNB', 'hour': '2016-02-01 09'}",1862.0,2
"{'city': 'Nisekh', 'hour': '2016-02-17 16'}",1858.0,2
"{'city': 'Nisekh', 'hour': '2016-02-16 22'}",1857.0,2
"{'city': 'Amgalan', 'hour': '2016-02-01 10'}",1850.0,2
"{'city': 'Baruun 4 zam', 'hour': '2016-02-01 08'}",1850.0,4
"{'city': 'Amgalan', 'hour': '2016-01-31 09'}",1847.0,2
"{'city': 'Bukhiin urguu', 'hour': '2016-01-30 00'}",1825.0,4
"{'city': 'MNB', 'hour': '2016-02-02 08'}",1803.0,2
"{'city': 'R K Puram, Delhi - DPCC', 'hour': '2016-02-07 22'}",1800.0,3
"{'city': 'R K Puram, Delhi - DPCC', 'hour': '2016-02-07 23'}",1800.0,3
"{'city': 'R K Puram, Delhi - DPCC', 'hour': '2016-02-08 00'}",1800.0,3
"{'city': 'R K Puram, Delhi - DPCC', 'hour': '2016-02-09 04'}",1800.0,1
"{'city': 'R K Puram, Delhi - DPCC', 'hour': '2016-02-09 00'}",1800.0,2
"{'city': 'Punjabi Bagh, Delhi - DPCC', 'hour': '2016-02-07 14'}",1800.0,3
"{'city': 'Amgalan', 'hour': '2016-02-01 01'}",1791.0,2
"{'city': '100 ail', 'hour': '2016-02-01 09'}",1763.0,4
"{'city': 'Baruun 4 zam', 'hour': '2016-01-30 20'}",1754.0,4
"{'city': 'Amgalan', 'hour': '2016-02-02 07'}",1749.0,2
"{'city': 'Baruun 4 zam', 'hour': '2016-01-31 00'}",1738.0,4
"{'city': 'Amgalan', 'hour': '2016-02-02 08'}",1737.0,2
"{'city': 'Nisekh', 'hour': '2016-02-17 22'}",1737.0,2
"{'city': 'Nisekh', 'hour': '2016-02-17 14'}",1735.0,2
"{'city': 'MNB', 'hour': '2016-02-01 08'}",1719.0,2
"{'city': 'Baruun 4 zam', 'hour': '2016-02-01 05'}",1716.0,4
"{'city': 'MNB', 'hour': '2016-02-02 05'}",1716.0,2
"{'city': 'R K Puram, Delhi - DPCC', 'hour': '2016-02-07 02'}",1700.0,3
"{'city': 'R K Puram, Delhi - DPCC', 'hour': '2016-02-08 22'}",1700.0,3
"{'city': 'R K Puram, Delhi - DPCC', 'hour': '2016-02-07 07'}",1700.0,3
"{'city': 'R K Puram, Delhi - DPCC', 'hour': '2016-02-06 22'}",1700.0,3
"{'city': 'Baruun 4 zam', 'hour': '2016-01-29 23'}",1700.0,3
"{'city': 'R K Puram, Delhi - DPCC', 'hour': '2016-02-08 23'}",1700.0,2
"{'city': 'R K Puram, Delhi - DPCC', 'hour': '2016-02-08 21'}",1700.0,3
"{'city': 'Nisekh', 'hour': '2016-02-18 12'}",1698.0,2
"{'city': 'Amgalan', 'hour': '2016-02-02 02'}",1692.0,2
"{'city': 'MNB', 'hour': '2016-02-01 03'}",1692.0,2
"{'city': 'MNB', 'hour': '2016-02-04 01'}",1689.0,2
"{'city': 'Amgalan', 'hour': '2016-01-31 03'}",1674.0,2
"{'city': 'Nisekh', 'hour': '2016-02-18 14'}",1660.0,2
"{'city': 'MNB', 'hour': '2016-02-04 03'}",1659.0,2
"{'city': 'Nisekh', 'hour': '2016-02-18 02'}",1636.0,2
"{'city': 'Nisekh', 'hour': '2016-02-17 23'}",1636.0,2
"{'city': 'MNB', 'hour': '2016-01-30 01'}",1634.0,2
"{'city': 'MNB', 'hour': '2016-02-01 05'}",1633.0,2
"{'city': 'Nisekh', 'hour': '2016-02-19 19'}",1622.0,2
"{'city': 'Amgalan', 'hour': '2016-02-01 21'}",1609.0,2
"{'city': 'MNB', 'hour': '2016-02-03 05'}",1603.0,2
"{'city': 'Punjabi Bagh, Delhi - DPCC', 'hour': '2016-02-07 02'}",1600.0,3
"{'city': 'R K Puram, Delhi - DPCC', 'hour': '2016-02-07 12'}",1600.0,3
"{'city': 'Baruun 4 zam', 'hour': '2016-01-30 05'}",1600.0,4
"{'city': 'R K Puram, Delhi - DPCC', 'hour': '2016-02-07 18'}",1600.0,3
"{'city': 'Punjabi Bagh, Delhi - DPCC', 'hour': '2016-02-07 03'}",1600.0,3
"{'city': 'R K Puram, Delhi - DPCC', 'hour': '2016-02-09 05'}",1600.0,2
"{'city': 'Punjabi Bagh, Delhi - DPCC', 'hour': '2016-02-08 01'}",1600.0,3
"{'city': 'R K Puram, Delhi - DPCC', 'hour': '2016-02-07 08'}",1600.0,3
"{'city': 'Punjabi Bagh, Delhi - DPCC', 'hour': '2016-02-07 05'}",1600.0,3
"{'city': 'Punjabi Bagh, Delhi - DPCC', 'hour': '2016-02-06 19'}",1600.0,3
"{'city': 'Nisekh', 'hour': '2016-02-19 23'}",1593.0,2
"{'city': 'Nisekh', 'hour': '2016-02-16 11'}",1591.0,2
"{'city': 'Bukhiin urguu', 'hour': '2016-01-30 17'}",1588.0,4
"{'city': 'Bukhiin urguu', 'hour': '2016-01-31 02'}",1578.0,4
"{'city': 'MNB', 'hour': '2016-02-03 10'}",1566.0,2
"{'city': 'MNB', 'hour': '2016-02-02 06'}",1552.0,2
"{'city': 'Baruun 4 zam', 'hour': '2016-02-01 06'}",1534.0,4
"{'city': '100 ail', 'hour': '2016-02-01 08'}",1525.0,4
"{'city': 'R K Puram, Delhi - DPCC', 'hour': '2016-02-07 00'}",1500.0,3
"{'city': 'Punjabi Bagh, Delhi - DPCC', 'hour': '2016-02-07 04'}",1500.0,1
"{'city': 'R K Puram, Delhi - DPCC', 'hour': '2016-02-08 04'}",1500.0,1
"{'city': 'R K Puram, Delhi - DPCC', 'hour': '2016-02-09 03'}",1500.0,3
"{'city': 'Punjabi Bagh, Delhi - DPCC', 'hour': '2016-02-06 16'}",1500.0,3
"{'city': 'R K Puram, Delhi - DPCC', 'hour': '2016-02-07 01'}",1500.0,3
"{'city': '100 ail', 'hour': '2016-01-30 09'}",1500.0,4
"{'city': 'Punjabi Bagh, Delhi - DPCC', 'hour': '2016-02-07 12'}",1500.0,3
"{'city': 'R K Puram, Delhi - DPCC', 'hour': '2016-02-08 12'}",1500.0,3
"{'city': 'Nisekh', 'hour': '2016-02-18 15'}",1497.0,2
"{'city': 'Bukhiin urguu', 'hour': '2016-02-01 15'}",1475.0,4
"{'city': 'Baruun 4 zam', 'hour': '2016-01-30 06'}",1469.0,4
"{'city': 'Bukhiin urguu', 'hour': '2016-01-30 18'}",1466.0,4
"{'city': 'Baruun 4 zam', 'hour': '2016-01-30 11'}",1463.0,4
"{'city': '100 ail', 'hour': '2016-02-01 04'}",1452.0,8
"{'city': 'MNB', 'hour': '2016-01-30 02'}",1446.0,2
"{'city': 'Nisekh', 'hour': '2016-02-20 03'}",1437.0,2
"{'city': 'MNB', 'hour': '2016-02-01 04'}",1436.0,2
"{'city': '100 ail', 'hour': '2016-01-31 04'}",1419.0,2
"{'city': 'Nisekh', 'hour': '2016-02-17 10'}",1412.0,2
"{'city': 'Nisekh', 'hour': '2016-02-20 02'}",1408.0,2
"{'city': 'Punjabi Bagh, Delhi - DPCC', 'hour': '2016-02-07 06'}",1400.0,2
"{'city': 'Punjabi Bagh, Delhi - DPCC', 'hour': '2016-02-06 00'}",1400.0,6
"{'city': 'Punjabi Bagh, Delhi - DPCC', 'hour': '2016-02-08 12'}",1400.0,3
"{'city': 'Punjabi Bagh, Delhi - DPCC', 'hour': '2016-02-08 02'}",1400.0,3
"{'city': 'Bukhiin urguu', 'hour': '2016-01-30 16'}",1400.0,4
"{'city': 'Punjabi Bagh, Delhi - DPCC', 'hour': '2016-02-08 03'}",1400.0,3
"{'city': 'Nisekh', 'hour': '2016-02-18 13'}",1373.0,2
"{'city': 'Amgalan', 'hour': '2016-02-01 09'}",1370.0,2
"{'city': 'Konarskiego', 'hour': '2016-02-01 16'}",1361.0,1
"{'city': 'Konarskiego', 'hour': '2016-02-01 17'}",1340.0,1
"{'city': 'MNB', 'hour': '2016-02-04 11'}",1330.0,2
"{'city': 'Nisekh', 'hour': '2016-02-19 15'}",1330.0,2
"{'city': 'Konarskiego', 'hour': '2016-02-01 15'}",1330.0,1
"{'city': 'MNB', 'hour': '2016-02-03 09'}",1326.0,2
"{'city': 'Baruun 4 zam', 'hour': '2016-01-30 12'}",1322.0,4
"{'city': 'Nisekh', 'hour': '2016-02-19 20'}",1309.0,2
"{'city': 'Bukhiin urguu', 'hour': '2016-01-30 01'}",1303.0,3
"{'city': 'R K Puram, Delhi - DPCC', 'hour': '2016-02-07 09'}",1300.0,3
"{'city': 'Punjabi Bagh, Delhi - DPCC', 'hour': '2016-02-06 20'}",1300.0,3
"{'city': 'Punjabi Bagh, Delhi - DPCC', 'hour': '2016-02-06 11'}",1300.0,3
"{'city': 'Amgalan', 'hour': '2016-02-02 03'}",1300.0,2
"{'city': 'Punjabi Bagh, Delhi - DPCC', 'hour': '2016-02-08 00'}",1300.0,3
"{'city': 'Amgalan', 'hour': '2016-02-01 02'}",1298.0,2
"{'city': 'Nisekh', 'hour': '2016-02-19 14'}",1292.0,2
"{'city': 'Nisekh', 'hour': '2016-02-18 03'}",1291.0,2
"{'city': 'Baruun 4 zam', 'hour': '2016-02-01 07'}",1291.0,4
"{'city': 'MNB', 'hour': '2016-02-03 22'}",1283.0,2
"{'city': 'Baruun 4 zam', 'hour': '2016-02-01 22'}",1269.0,4
"{'city': 'Amgalan', 'hour': '2016-01-31 04'}",1249.0,2
"{'city': 'MNB', 'hour': '2016-02-03 20'}",1248.0,2
"{'city': 'Amgalan', 'hour': '2016-01-31 07'}",1248.0,2
"{'city': 'Amgalan', 'hour': '2016-02-02 04'}",1247.0,2
"{'city': 'Nisekh', 'hour': '2016-02-20 04'}",1245.0,2
"{'city': 'Amgalan', 'hour': '2016-01-31 05'}",1243.0,2
"{'city': 'Amgalan', 'hour': '2016-02-02 05'}",1238.0,2
"{'city': 'MNB', 'hour': '2016-02-02 07'}",1235.0,2
"{'city': 'Bukhiin urguu', 'hour': '2016-02-01 16'}",1225.0,1
"{'city': 'Amgalan', 'hour': '2016-02-01 03'}",1214.0,2
"{'city': 'MNB', 'hour': '2016-02-04 10'}",1211.0,2
"{'city': '100 ail', 'hour': '2016-01-30 08'}",1208.0,4
"{'city': 'Punjabi Bagh, Delhi - DPCC', 'hour': '2016-02-07 11'}",1200.0,3
"{'city': 'Punjabi Bagh, Delhi - DPCC', 'hour': '2016-02-06 18'}",1200.0,2
"{'city': 'Punjabi Bagh, Delhi - DPCC', 'hour': '2016-02-06 10'}",1200.0,3
"{'city': 'R K Puram, Delhi - DPCC', 'hour': '2016-02-07 11'}",1200.0,3
"{'city': 'Punjabi Bagh, Delhi - DPCC', 'hour': '2016-02-07 23'}",1200.0,3
"{'city': 'Nisekh', 'hour': '2016-02-18 21'}",1194.0,2
"{'city': 'Konarskiego', 'hour': '2016-02-06 17'}",1192.0,1
"{'city': 'Konarskiego', 'hour': '2016-02-01 18'}",1190.0,1
"{'city': 'Bukhiin urguu', 'hour': '2016-02-01 10'}",1188.0,4
"{'city': 'Amgalan', 'hour': '2016-01-30 03'}",1180.0,2
"{'city': 'MNB', 'hour': '2016-02-03 06'}",1169.0,2
"{'city': 'Konarskiego', 'hour': '2016-02-06 15'}",1168.0,1
"{'city': 'Konarskiego', 'hour': '2016-02-06 14'}",1164.0,1
"{'city': 'Konarskiego', 'hour': '2016-02-06 16'}",1164.0,1
"{'city': 'Baruun 4 zam', 'hour': '2016-01-30 10'}",1163.0,4
"{'city': 'Nisekh', 'hour': '2016-02-17 13'}",1158.0,2
"{'city': 'Amgalan', 'hour': '2016-02-01 08'}",1155.0,2
"{'city': 'Konarskiego', 'hour': '2016-02-06 18'}",1155.0,1
"{'city': 'MNB', 'hour': '2016-02-01 07'}",1151.0,2
"{'city': 'Amgalan', 'hour': '2016-02-01 04'}",1149.0,2
"{'city': 'MNB', 'hour': '2016-02-01 06'}",1146.0,2
"{'city': 'Konarskiego', 'hour': '2016-02-06 19'}",1146.0,1
"{'city': 'Nisekh', 'hour': '2016-02-19 12'}",1130.0,2
"{'city': 'Konarskiego', 'hour': '2016-02-06 13'}",1121.0,1
"{'city': 'Amgalan', 'hour': '2016-01-31 06'}",1113.0,2
"{'city': 'Nisekh', 'hour': '2016-02-16 10'}",1110.0,2
"{'city': 'Amgalan', 'hour': '2016-01-30 10'}",1104.0,2
"{'city': 'Konarskiego', 'hour': '2016-02-06 07'}",1103.0,1
"{'city': 'R K Puram, Delhi - DPCC', 'hour': '2016-02-06 23'}",1100.0,3
"{'city': 'R K Puram, Delhi - DPCC', 'hour': '2016-02-08 05'}",1100.0,3
"{'city': 'Baruun 4 zam', 'hour': '2016-01-30 07'}",1100.0,4
"{'city': 'Punjabi Bagh, Delhi - DPCC', 'hour': '2016-02-07 16'}",1100.0,3
"{'city': 'R K Puram, Delhi - DPCC', 'hour': '2016-02-07 10'}",1100.0,3
"{'city': 'Konarskiego', 'hour': '2016-02-06 11'}",1097.0,1
"{'city': 'Nisekh', 'hour': '2016-02-19 13'}",1081.0,2
"{'city': '100 ail', 'hour': '2016-01-30 02'}",1070.0,5
"{'city': 'Konarskiego', 'hour': '2016-02-04 16'}",1065.0,1
"{'city': 'Konarskiego', 'hour': '2016-02-06 10'}",1064.0,1
"{'city': 'Konarskiego', 'hour': '2016-02-06 20'}",1061.0,1
"{'city': 'Konarskiego', 'hour': '2016-02-06 09'}",1060.0,1
"{'city': 'Konarskiego', 'hour': '2016-02-01 14'}",1059.0,1
"{'city': 'MNB', 'hour': '2016-02-04 04'}",1054.0,2
"{'city': 'Nisekh', 'hour': '2016-02-20 05'}",1053.0,2
"{'city': 'Konarskiego', 'hour': '2016-02-06 06'}",1053.0,1
"{'city': 'Nisekh', 'hour': '2016-02-17 11'}",1046.0,2
"{'city': 'Amgalan', 'hour': '2016-02-01 06'}",1044.0,2
"{'city': 'Nisekh', 'hour': '2016-02-18 23'}",1037.0,2
"{'city': 'Konarskiego', 'hour': '2016-02-06 21'}",1034.0,1
"{'city': 'Amgalan', 'hour': '2016-01-30 09'}",1031.0,2
"{'city': '100 ail', 'hour': '2016-02-01 05'}",1025.0,5
"{'city': 'Amgalan', 'hour': '2016-01-30 08'}",1023.0,2
"{'city': 'MNB', 'hour': '2016-01-30 03'}",1017.0,2
"{'city': '100 ail', 'hour': '2016-02-01 07'}",1013.0,4
"{'city': 'Konarskiego', 'hour': '2016-02-06 08'}",1006.0,1
"{'city': 'Konarskiego', 'hour': '2016-01-30 17'}",1003.0,1
"{'city': 'Amgalan', 'hour': '2016-02-01 05'}",1002.0,2
"{'city': 'Nisekh', 'hour': '2016-02-18 11'}",1001.0,1
"{'city': 'Punjabi Bagh, Delhi - DPCC', 'hour': '2016-02-08 07'}",1000.0,3
"{'city': 'Punjabi Bagh, Delhi - DPCC', 'hour': '2016-02-07 10'}",1000.0,2
"{'city': 'Punjabi Bagh, Delhi - DPCC', 'hour': '2016-02-08 10'}",1000.0,3
"{'city': 'Punjabi Bagh, Delhi - DPCC', 'hour': '2016-02-07 01'}",1000.0,2
"{'city': 'Punjabi Bagh, Delhi - DPCC', 'hour': '2016-02-06 21'}",1000.0,3
"{'city': 'Punjabi Bagh, Delhi - DPCC', 'hour': '2016-02-07 19'}",1000.0,3
"{'city': 'Punjabi Bagh, Delhi - DPCC', 'hour': '2016-02-07 22'}",1000.0,3
"{'city': 'Konarskiego', 'hour': '2016-02-06 05'}",999.0,1
"{'city': 'Delhi Technological University, Delhi - CPCB', 'hour': '2016-11-06 06'}",997.5,4
"{'city': 'Delhi Technological University, Delhi - CPCB', 'hour': '2016-11-05 08'}",996.5,4
"{'city': 'Konarskiego', 'hour': '2016-02-06 23'}",994.0,1
"{'city': 'Konarskiego', 'hour': '2016-01-30 18'}",994.0,1
"{'city': 'Nisekh', 'hour': '2016-02-19 00'}",993.0,2
"{'city': 'Konarskiego', 'hour': '2016-02-07 00'}",991.0,1
"{'city': 'Nisekh', 'hour': '2016-02-19 16'}",988.0,2
"{'city': 'Amgalan', 'hour': '2016-02-01 07'}",987.0,2
"{'city': 'Konarskiego', 'hour': '2016-01-30 14'}",986.0,1
"{'city': 'Konarskiego', 'hour': '2016-02-07 01'}",986.0,1
"{'city': 'Bukhiin urguu', 'hour': '2016-01-30 21'}",981.0,1
"{'city': 'Concón', 'hour': '2016-01-31 02'}",979.9,1
"{'city': 'Delhi Technological University, Delhi - CPCB', 'hour': '2016-11-05 07'}",979.4,3
"{'city': 'MNB', 'hour': '2016-02-03 08'}",978.0,2
"{'city': 'Delhi Technological University, Delhi - CPCB', 'hour': '2016-11-05 06'}",976.0,4
"{'city': 'Konarskiego', 'hour': '2016-02-07 02'}",975.0,1
"{'city': 'Konarskiego', 'hour': '2016-02-05 17'}",973.0,1
"{'city': 'Puente Alto', 'hour': '2016-02-03 10'}",972.4,1
"{'city': 'Konarskiego', 'hour': '2016-02-05 20'}",972.0,1
"{'city': '100 ail', 'hour': '2016-02-01 06'}",972.0,4
"{'city': 'Concón', 'hour': '2016-02-01 00'}",970.5,1
"{'city': 'Konarskiego', 'hour': '2016-02-05 18'}",970.0,1
"{'city': 'Konarskiego', 'hour': '2016-02-01 19'}",967.0,1
"{'city': '100 ail', 'hour': '2016-01-30 03'}",966.0,4
"{'city': 'Konarskiego', 'hour': '2016-02-04 20'}",955.0,1
"{'city': 'Konarskiego', 'hour': '2016-02-07 03'}",952.0,1
"{'city': 'Nisekh', 'hour': '2016-02-19 11'}",952.0,2
"{'city': 'Nisekh', 'hour': '2016-02-18 22'}",951.0,2
"{'city': 'Concón', 'hour': '2016-01-31 01'}",950.9,1
"{'city': 'Konarskiego', 'hour': '2016-01-30 16'}",947.0,1
"{'city': 'Bukhiin urguu', 'hour': '2016-02-01 09'}",946.0,2
"{'city': 'Konarskiego', 'hour': '2016-02-04 18'}",944.0,1
"{'city': 'Konarskiego', 'hour': '2016-02-07 04'}",942.0,1
"{'city': 'Konarskiego', 'hour': '2016-02-05 19'}",940.0,1
"{'city': 'MNB', 'hour': '2016-02-04 05'}",940.0,2
"{'city': 'Konarskiego', 'hour': '2016-02-05 16'}",938.0,1
"{'city': 'Concón', 'hour': '2016-01-31 03'}",934.1,1
"{'city': 'Konarskiego', 'hour': '2016-02-05 21'}",934.0,1
"{'city': 'Delhi Technological University, Delhi - CPCB', 'hour': '2016-11-06 01'}",933.5,1
"{'city': 'Konarskiego', 'hour': '2016-02-07 05'}",933.0,1
"{'city': 'Konarskiego', 'hour': '2016-02-02 17'}",932.0,1
"{'city': 'Delhi Technological University, Delhi - CPCB', 'hour': '2016-11-06 02'}",931.1,3
"{'city': 'Amgalan', 'hour': '2016-01-30 07'}",931.0,2
"{'city': 'Konarskiego', 'hour': '2016-02-07 06'}",925.0,1
"{'city': 'Konarskiego', 'hour': '2016-02-04 17'}",924.0,1
"{'city': 'Delhi Technological University, Delhi - CPCB', 'hour': '2016-11-06 05'}",922.2,4
"{'city': 'Konarskiego', 'hour': '2016-02-07 07'}",921.0,1
"{'city': 'Concón', 'hour': '2016-02-01 10'}",917.4,1
"{'city': '100 ail', 'hour': '2016-01-30 04'}",913.0,4
"{'city': 'Concón', 'hour': '2016-01-31 00'}",910.3,1
"{'city': 'Amgalan', 'hour': '2016-01-30 04'}",909.0,2
"{'city': 'Konarskiego', 'hour': '2016-02-02 16'}",907.0,1
"{'city': 'Konarskiego', 'hour': '2016-01-30 15'}",907.0,1
"{'city': 'Nisekh', 'hour': '2016-02-16 09'}",907.0,2
"{'city': 'Konarskiego', 'hour': '2016-01-30 19'}",905.0,1
"{'city': 'Punjabi Bagh, Delhi - DPCC', 'hour': '2016-02-05 21'}",903.0,3
"{'city': 'Konarskiego', 'hour': '2016-02-06 04'}",901.0,1
"{'city': 'Konarskiego', 'hour': '2016-02-01 13'}",901.0,1
"{'city': 'R K Puram, Delhi - DPCC', 'hour': '2016-02-06 09'}",900.0,2
"{'city': 'Konarskiego', 'hour': '2016-02-07 08'}",900.0,1
"{'city': 'Punjabi Bagh, Delhi - DPCC', 'hour': '2016-02-08 08'}",900.0,3
"{'city': 'Punjabi Bagh, Delhi - DPCC', 'hour': '2016-02-06 22'}",900.0,3
"{'city': 'R K Puram, Delhi - DPCC', 'hour': '2016-02-06 07'}",900.0,3
"{'city': 'Punjabi Bagh, Delhi - DPCC', 'hour': '2016-02-08 09'}",900.0,3
"{'city': 'Punjabi Bagh, Delhi - DPCC', 'hour': '2016-02-06 08'}",900.0,3
"{'city': 'Punjabi Bagh, Delhi - DPCC', 'hour': '2016-02-07 20'}",900.0,3
"{'city': 'R K Puram, Delhi - DPCC', 'hour': '2016-02-08 06'}",900.0,3
"{'city': 'Punjabi Bagh, Delhi - DPCC', 'hour': '2016-02-07 18'}",900.0,1
"{'city': 'R K Puram, Delhi - DPCC', 'hour': '2016-02-06 08'}",900.0,3
"{'city': 'Punjabi Bagh, Delhi - DPCC', 'hour': '2016-02-08 06'}",900.0,2
"{'city': 'Punjabi Bagh, Delhi - DPCC', 'hour': '2016-02-06 07'}",900.0,3
"{'city': 'Punjabi Bagh, Delhi - DPCC', 'hour': '2016-02-06 06'}",900.0,2
"{'city': 'Punjabi Bagh, Delhi - DPCC', 'hour': '2016-02-07 21'}",900.0,2
"{'city': 'Punjabi Bagh, Delhi - DPCC', 'hour': '2016-02-06 17'}",900.0,2
"{'city': 'R K Puram, Delhi - DPCC', 'hour': '2016-02-06 06'}",900.0,2
"{'city': 'Punjabi Bagh, Delhi - DPCC', 'hour': '2016-02-08 11'}",900.0,3
"{'city': 'Konarskiego', 'hour': '2016-02-01 21'}",897.0,1
"{'city': 'Konarskiego', 'hour': '2016-02-04 23'}",896.0,1
"{'city': 'Konarskiego', 'hour': '2016-02-05 00'}",896.0,1
"{'city': 'Concón', 'hour': '2016-02-01 01'}",895.4,1
"{'city': 'Konarskiego', 'hour': '2016-02-04 21'}",895.0,1
"{'city': 'Concón', 'hour': '2016-01-31 08'}",893.2,1
"{'city': 'Konarskiego', 'hour': '2016-02-04 15'}",893.0,1
"{'city': 'Talagante', 'hour': '2016-02-02 23'}",890.4,1
"{'city': 'Concón', 'hour': '2016-02-01 09'}",888.7,1
"{'city': 'Konarskiego', 'hour': '2016-02-05 15'}",888.0,1
"{'city': 'Konarskiego', 'hour': '2016-02-07 09'}",886.0,1
"{'city': 'Concón', 'hour': '2016-01-30 10'}",884.9,1
"{'city': 'Konarskiego', 'hour': '2016-01-30 20'}",883.0,1
"{'city': 'Concón', 'hour': '2016-01-30 23'}",881.7,1
"{'city': 'Konarskiego', 'hour': '2016-02-01 23'}",881.0,1
"{'city': 'Delhi Technological University, Delhi - CPCB', 'hour': '2016-11-06 03'}",878.3,4
"{'city': 'Konarskiego', 'hour': '2016-01-30 21'}",878.0,1
"{'city': 'MNB', 'hour': '2016-02-04 09'}",878.0,2
"{'city': 'Concón', 'hour': '2016-02-01 03'}",877.9,1
"{'city': 'Concón', 'hour': '2016-01-30 09'}",877.0,1
"{'city': 'Konarskiego', 'hour': '2016-02-01 20'}",876.0,1
"{'city': 'Konarskiego', 'hour': '2016-02-04 19'}",875.0,1
"{'city': 'Konarskiego', 'hour': '2016-02-04 14'}",875.0,1
"{'city': 'Konarskiego', 'hour': '2016-02-06 03'}",872.0,1
"{'city': 'Concón', 'hour': '2016-01-30 11'}",871.3,1
"{'city': 'Konarskiego', 'hour': '2016-02-03 18'}",870.0,1
"{'city': 'Concón', 'hour': '2016-02-01 04'}",867.1,1
"{'city': 'Konarskiego', 'hour': '2016-02-07 16'}",867.0,1
"{'city': 'Konarskiego', 'hour': '2016-02-05 01'}",867.0,1
"{'city': 'Concón', 'hour': '2016-01-30 15'}",867.0,1
"{'city': 'Konarskiego', 'hour': '2016-01-30 13'}",865.0,1
"{'city': 'Concón', 'hour': '2016-01-30 06'}",864.4,1
"{'city': 'Konarskiego', 'hour': '2016-02-07 11'}",864.0,1
"{'city': 'Concón', 'hour': '2016-01-31 23'}",863.5,1
"{'city': 'Amgalan', 'hour': '2016-01-30 05'}",863.0,2
"{'city': 'Concón', 'hour': '2016-01-30 07'}",862.6,1
"{'city': 'Concón', 'hour': '2016-01-30 04'}",859.4,1
"{'city': 'Konarskiego', 'hour': '2016-02-05 23'}",858.0,1
"{'city': 'Concón', 'hour': '2016-02-01 02'}",857.7,1
"{'city': 'Konarskiego', 'hour': '2016-02-07 10'}",857.0,1
"{'city': 'Concón', 'hour': '2016-01-30 03'}",855.4,1
"{'city': 'Concón', 'hour': '2016-01-31 09'}",854.7,1
"{'city': 'Concón', 'hour': '2016-01-31 07'}",853.7,1
"{'city': 'Konarskiego', 'hour': '2016-02-06 02'}",853.0,1
"{'city': 'Concón', 'hour': '2016-01-31 15'}",853.0,1
"{'city': 'Concón', 'hour': '2016-02-01 11'}",852.4,1
"{'city': 'Konarskiego', 'hour': '2016-02-07 12'}",852.0,1
"{'city': 'Amgalan', 'hour': '2016-01-30 06'}",849.0,2
"{'city': 'Nisekh', 'hour': '2016-02-19 18'}",849.0,2
"{'city': 'Konarskiego', 'hour': '2016-02-05 02'}",849.0,1
"{'city': 'Konarskiego', 'hour': '2016-02-06 01'}",848.0,1
"{'city': 'Concón', 'hour': '2016-01-30 12'}",847.3,1
"{'city': 'Concón', 'hour': '2016-01-31 13'}",847.2,1
"{'city': 'Konarskiego', 'hour': '2016-02-03 19'}",846.0,1
"{'city': 'Konarskiego', 'hour': '2016-02-07 15'}",846.0,1
"{'city': 'Konarskiego', 'hour': '2016-02-02 00'}",846.0,1
"{'city': 'Nisekh', 'hour': '2016-02-18 04'}",845.0,1
"{'city': 'Konarskiego', 'hour': '2016-02-06 00'}",844.0,1
"{'city': 'Nisekh', 'hour': '2016-02-19 17'}",842.0,2
"{'city': 'Konarskiego', 'hour': '2016-02-03 20'}",840.0,1
"{'city': 'Concón', 'hour': '2016-02-01 12'}",838.3,1
"{'city': 'Concón', 'hour': '2016-01-30 13'}",837.1,1
"{'city': 'Concón', 'hour': '2016-01-30 21'}",835.7,1
"{'city': 'Concón', 'hour': '2016-01-30 22'}",835.6,1
"{'city': 'Konarskiego', 'hour': '2016-01-30 23'}",835.0,1
"{'city': 'Concón', 'hour': '2016-01-30 16'}",834.5,1
"{'city': 'Concón', 'hour': '2016-01-30 18'}",833.8,1
"{'city': 'Concón', 'hour': '2016-01-31 10'}",832.8,1
"{'city': 'MNB', 'hour': '2016-02-03 21'}",832.0,2
"{'city': 'Concón', 'hour': '2016-02-01 08'}",832.0,1
"{'city': 'Concón', 'hour': '2016-02-01 05'}",831.7,1
"{'city': 'Concón', 'hour': '2016-01-31 14'}",831.6,1
"{'city': 'Punjabi Bagh, Delhi - DPCC', 'hour': '2016-02-06 04'}",831.0,3
"{'city': 'Punjabi Bagh, Delhi - DPCC', 'hour': '2016-02-06 03'}",831.0,4
"{'city': 'Concón', 'hour': '2016-01-30 19'}",831.0,1
"{'city': 'Konarskiego', 'hour': '2016-02-01 08'}",830.0,1
"{'city': 'Konarskiego', 'hour': '2016-02-07 13'}",830.0,1
"{'city': 'MNB', 'hour': '2016-02-03 07'}",829.0,2
"{'city': 'Concón', 'hour': '2016-01-30 20'}",828.7,1
"{'city': 'Nisekh', 'hour': '2016-02-17 09'}",828.0,1
"{'city': 'Konarskiego', 'hour': '2016-02-07 14'}",828.0,1
"{'city': 'Concón', 'hour': '2016-01-31 22'}",827.2,1
"{'city': 'Concón', 'hour': '2016-01-31 04'}",827.0,1
"{'city': 'Konarskiego', 'hour': '2016-02-03 17'}",826.0,1
"{'city': '100 ail', 'hour': '2016-01-30 05'}",825.0,2
"{'city': 'Konarskiego', 'hour': '2016-02-02 18'}",822.0,1
"{'city': 'Nisekh', 'hour': '2016-02-19 10'}",821.0,2
"{'city': 'Konarskiego', 'hour': '2016-02-05 03'}",820.0,1
"{'city': 'Concón', 'hour': '2016-01-30 17'}",819.9,1
"{'city': 'Concón', 'hour': '2016-02-01 13'}",819.2,1
"{'city': 'Concón', 'hour': '2016-01-30 08'}",818.9,1
"{'city': 'Concón', 'hour': '2016-01-31 16'}",818.1,1
"{'city': 'Konarskiego', 'hour': '2016-02-03 21'}",818.0,1
"{'city': 'Konarskiego', 'hour': '2016-01-31 01'}",818.0,1
"{'city': 'Concón', 'hour': '2016-01-31 17'}",817.3,1
"{'city': 'Konarskiego', 'hour': '2016-02-05 04'}",817.0,1
"{'city': 'Konarskiego', 'hour': '2016-02-04 13'}",817.0,1
"{'city': 'Konarskiego', 'hour': '2016-02-02 15'}",816.0,1
"{'city': 'Konarskiego', 'hour': '2016-02-01 09'}",815.0,1
"{'city': 'Concón', 'hour': '2016-02-01 07'}",814.6,1
"{'city': 'Concón', 'hour': '2016-01-31 06'}",813.5,1
"{'city': 'Konarskiego', 'hour': '2016-02-05 14'}",813.0,1
"{'city': 'Konarskiego', 'hour': '2016-02-02 01'}",812.0,1
"{'city': 'Konarskiego', 'hour': '2016-02-02 19'}",811.0,1
"{'city': 'Konarskiego', 'hour': '2016-02-05 07'}",811.0,1
"{'city': 'Konarskiego', 'hour': '2016-01-31 00'}",811.0,1
"{'city': 'Concón', 'hour': '2016-02-01 06'}",810.3,1
"{'city': 'Konarskiego', 'hour': '2016-02-04 08'}",808.0,1
"{'city': 'Nisekh', 'hour': '2016-02-17 12'}",807.0,2
"{'city': 'Talagante', 'hour': '2016-01-30 18'}",806.6,1
"{'city': 'Talagante', 'hour': '2016-01-30 15'}",806.6,1
"{'city': 'Talagante', 'hour': '2016-01-30 16'}",806.6,1
"{'city': 'Talagante', 'hour': '2016-01-30 17'}",806.6,1
"{'city': 'Konarskiego', 'hour': '2016-02-01 07'}",806.0,1
"{'city': 'Baruun 4 zam', 'hour': '2016-01-30 08'}",806.0,4
"{'city': 'Konarskiego', 'hour': '2016-01-31 02'}",805.0,1
"{'city': 'Bukhiin urguu', 'hour': '2016-01-30 13'}",804.0,2
"{'city': 'Konarskiego', 'hour': '2016-02-01 12'}",802.0,1
"{'city': 'MNB', 'hour': '2016-01-30 04'}",801.0,2
"{'city': 'Konarskiego', 'hour': '2016-02-05 13'}",801.0,1
"{'city': 'Punjabi Bagh, Delhi - DPCC', 'hour': '2016-02-07 17'}",800.0,2
"{'city': 'Concón', 'hour': '2016-01-30 14'}",800.0,1
"{'city': 'Punjabi Bagh, Delhi - DPCC', 'hour': '2016-02-06 09'}",800.0,3
"{'city': 'R K Puram, Delhi - DPCC', 'hour': '2016-02-08 08'}",800.0,3
"{'city': 'Konarskiego', 'hour': '2016-02-01 10'}",798.0,1
"{'city': 'Concón', 'hour': '2016-01-30 05'}",797.4,1
"{'city': 'Talagante', 'hour': '2016-01-30 14'}",797.3,1
"{'city': 'Konarskiego', 'hour': '2016-02-04 00'}",796.0,1
"{'city': 'Konarskiego', 'hour': '2016-02-03 23'}",795.0,1
"{'city': 'Concón', 'hour': '2016-01-31 11'}",794.4,1
"{'city': 'Puente Alto', 'hour': '2016-02-01 10'}",792.1,1
"{'city': 'Konarskiego', 'hour': '2016-02-01 11'}",792.0,1
"{'city': 'Concón', 'hour': '2016-01-31 05'}",791.7,1
"{'city': 'Delhi Technological University, Delhi - CPCB', 'hour': '2016-11-07 18'}",791.5,2
"{'city': 'Concón', 'hour': '2016-01-31 19'}",791.3,1
"{'city': 'Konarskiego', 'hour': '2016-02-02 20'}",791.0,1
"{'city': 'Konarskiego', 'hour': '2016-02-02 02'}",791.0,1
"{'city': 'Concón', 'hour': '2016-01-31 18'}",790.3,1
"{'city': 'Concón', 'hour': '2016-01-31 12'}",789.2,1
"{'city': 'Konarskiego', 'hour': '2016-02-05 05'}",789.0,1
"{'city': 'Konarskiego', 'hour': '2016-01-31 18'}",789.0,1
"{'city': 'Concón', 'hour': '2016-01-31 21'}",787.5,1
"{'city': 'Konarskiego', 'hour': '2016-02-04 01'}",787.0,1
"{'city': 'Konarskiego', 'hour': '2016-02-04 07'}",786.0,1
"{'city': 'Konarskiego', 'hour': '2016-02-04 12'}",786.0,1
"{'city': 'Konarskiego', 'hour': '2016-02-04 06'}",784.0,1
"{'city': 'Konarskiego', 'hour': '2016-02-05 06'}",783.0,1
"{'city': 'Konarskiego', 'hour': '2016-02-04 09'}",783.0,1
"{'city': 'Konarskiego', 'hour': '2016-01-31 19'}",782.0,1
"{'city': 'Konarskiego', 'hour': '2016-02-01 06'}",778.0,1
"{'city': 'Konarskiego', 'hour': '2016-02-03 15'}",778.0,1
"{'city': 'Konarskiego', 'hour': '2016-02-03 16'}",776.0,1
"{'city': 'Nisekh', 'hour': '2016-02-20 09'}",776.0,2
"{'city': 'Delhi Technological University, Delhi - CPCB', 'hour': '2016-11-06 04'}",774.0,4
"{'city': 'Konarskiego', 'hour': '2016-02-02 09'}",774.0,1
"{'city': 'Konarskiego', 'hour': '2016-02-04 05'}",773.0,1
"{'city': 'Konarskiego', 'hour': '2016-02-02 14'}",773.0,1
"{'city': 'Konarskiego', 'hour': '2016-01-30 10'}",773.0,1
"{'city': 'Konarskiego', 'hour': '2016-01-31 16'}",771.0,1
"{'city': 'Konarskiego', 'hour': '2016-02-04 02'}",770.0,1
"{'city': 'Konarskiego', 'hour': '2016-02-02 03'}",769.0,1
"{'city': 'Konarskiego', 'hour': '2016-01-31 17'}",768.0,1
"{'city': 'Concón', 'hour': '2016-01-31 20'}",768.0,1
"{'city': 'Konarskiego', 'hour': '2016-01-30 11'}",767.0,1
"{'city': 'Konarskiego', 'hour': '2016-02-05 08'}",766.0,1
"{'city': 'Konarskiego', 'hour': '2016-02-02 21'}",765.0,1
"{'city': 'Konarskiego', 'hour': '2016-02-01 05'}",765.0,1
"{'city': 'Konarskiego', 'hour': '2016-02-04 04'}",764.0,1
"{'city': 'Konarskiego', 'hour': '2016-02-04 03'}",763.0,1
"{'city': 'Konarskiego', 'hour': '2016-02-02 13'}",760.0,1
"{'city': 'Konarskiego', 'hour': '2016-02-05 09'}",758.0,1
"{'city': 'Konarskiego', 'hour': '2016-01-31 03'}",757.0,1
"{'city': 'Konarskiego', 'hour': '2016-02-04 10'}",756.0,1
"{'city': 'Konarskiego', 'hour': '2016-02-02 04'}",756.0,1
"{'city': 'Konarskiego', 'hour': '2016-02-02 10'}",756.0,1
"{'city': 'Konarskiego', 'hour': '2016-02-02 11'}",755.0,1
"{'city': 'Konarskiego', 'hour': '2016-02-02 07'}",755.0,1
"{'city': 'Konarskiego', 'hour': '2016-02-02 08'}",753.0,1
"{'city': 'Konarskiego', 'hour': '2016-01-31 20'}",752.0,1
"{'city': 'Konarskiego', 'hour': '2016-02-04 11'}",751.0,1
"{'city': 'Konarskiego', 'hour': '2016-01-31 15'}",751.0,1
"{'city': 'Bukhiin urguu', 'hour': '2016-01-31 03'}",750.0,1
"{'city': 'Konarskiego', 'hour': '2016-02-05 10'}",749.0,1
"{'city': 'Nisekh', 'hour': '2016-02-20 06'}",749.0,1
"{'city': 'Konarskiego', 'hour': '2016-01-30 09'}",748.0,1
"{'city': 'Konarskiego', 'hour': '2016-01-31 21'}",748.0,1
"{'city': 'Konarskiego', 'hour': '2016-02-05 12'}",745.0,1
"{'city': 'Konarskiego', 'hour': '2016-02-02 05'}",744.0,1
"{'city': 'Konarskiego', 'hour': '2016-02-05 11'}",744.0,1
"{'city': 'Konarskiego', 'hour': '2016-02-03 14'}",743.0,1
"{'city': 'Konarskiego', 'hour': '2016-02-02 06'}",743.0,1
"{'city': 'Konarskiego', 'hour': '2016-02-01 04'}",741.0,1
"{'city': 'Konarskiego', 'hour': '2016-01-30 12'}",740.0,1
"{'city': 'Konarskiego', 'hour': '2016-01-30 08'}",737.0,1
"{'city': 'Konarskiego', 'hour': '2016-01-30 00'}",736.0,1
"{'city': 'Konarskiego', 'hour': '2016-01-30 02'}",733.0,1
"{'city': 'Konarskiego', 'hour': '2016-01-30 01'}",732.0,1
"{'city': 'Konarskiego', 'hour': '2016-01-31 23'}",732.0,1
"{'city': 'Konarskiego', 'hour': '2016-02-02 12'}",729.0,1
"{'city': 'Konarskiego', 'hour': '2016-02-01 00'}",728.0,1
"{'city': 'Santiago', 'hour': '2016-02-06 10'}",727.8,1
"{'city': 'Konarskiego', 'hour': '2016-01-31 05'}",727.0,1
"{'city': 'Konarskiego', 'hour': '2016-02-03 01'}",726.0,1
"{'city': 'Konarskiego', 'hour': '2016-02-01 01'}",726.0,1
"{'city': 'Konarskiego', 'hour': '2016-02-02 23'}",726.0,1
"{'city': 'Konarskiego', 'hour': '2016-02-01 02'}",725.0,1
"{'city': 'Konarskiego', 'hour': '2016-02-03 00'}",725.0,1
"{'city': 'Talagante', 'hour': '2016-02-06 09'}",722.8,1
"{'city': 'Konarskiego', 'hour': '2016-02-01 03'}",722.0,1
"{'city': 'Konarskiego', 'hour': '2016-01-30 06'}",720.0,1
"{'city': 'Konarskiego', 'hour': '2016-01-30 04'}",716.0,1
"{'city': 'Konarskiego', 'hour': '2016-01-30 07'}",716.0,1
"{'city': 'Konarskiego', 'hour': '2016-01-31 14'}",716.0,1
"{'city': 'Konarskiego', 'hour': '2016-01-30 03'}",715.0,1
"{'city': 'Konarskiego', 'hour': '2016-01-31 04'}",714.0,1
"{'city': 'Konarskiego', 'hour': '2016-01-30 05'}",712.0,1
"{'city': 'Konarskiego', 'hour': '2016-02-03 02'}",712.0,1
"{'city': 'Konarskiego', 'hour': '2016-02-03 08'}",711.0,1
"{'city': 'Konarskiego', 'hour': '2016-01-31 13'}",709.0,1
"{'city': 'Konarskiego', 'hour': '2016-01-31 12'}",708.0,1
"{'city': 'Delhi Technological University, Delhi - CPCB', 'hour': '2016-11-07 04'}",707.1,1
"{'city': 'Delhi Technological University, Delhi - CPCB', 'hour': '2016-11-07 21'}",706.9,4
"{'city': 'Konarskiego', 'hour': '2016-02-03 07'}",706.0,1
"{'city': 'Konarskiego', 'hour': '2016-02-03 09'}",705.0,1
"{'city': 'Delhi Technological University, Delhi - CPCB', 'hour': '2016-11-07 20'}",704.3,4
"{'city': 'Punjabi Bagh, Delhi - DPCC', 'hour': '2016-02-06 05'}",703.0,1
"{'city': 'Nisekh', 'hour': '2016-02-17 01'}",701.0,1
"{'city': 'Konarskiego', 'hour': '2016-02-03 13'}",701.0,1
"{'city': 'Punjabi Bagh, Delhi - DPCC', 'hour': '2016-02-07 00'}",700.0,3
"{'city': 'R K Puram, Delhi - DPCC', 'hour': '2016-02-08 10'}",700.0,3
"{'city': 'Konarskiego', 'hour': '2016-02-03 06'}",700.0,1
"{'city': 'Punjabi Bagh, Delhi - DPCC', 'hour': '2016-02-07 07'}",700.0,2
"{'city': 'R K Puram, Delhi - DPCC', 'hour': '2016-02-08 11'}",700.0,3
"{'city': 'R K Puram, Delhi - DPCC', 'hour': '2016-02-08 07'}",700.0,3
"{'city': 'R K Puram, Delhi - DPCC', 'hour': '2016-02-08 09'}",700.0,3
"{'city': 'Punjabi Bagh, Delhi - DPCC', 'hour': '2016-02-07 15'}",700.0,3
"{'city': 'Punjabi Bagh, Delhi - DPCC', 'hour': '2016-02-08 04'}",700.0,1
"{'city': 'Delhi Technological University, Delhi - CPCB', 'hour': '2016-11-07 05'}",696.5,3
"{'city': 'Talagante', 'hour': '2016-01-30 21'}",694.9,1
"{'city': 'Talagante', 'hour': '2016-01-30 23'}",694.9,1
"{'city': 'Konarskiego', 'hour': '2016-02-03 03'}",693.0,1
"{'city': 'Nisekh', 'hour': '2016-02-17 02'}",687.0,1
"{'city': 'Konarskiego', 'hour': '2016-01-31 06'}",687.0,1
"{'city': 'Konarskiego', 'hour': '2016-02-03 10'}",686.0,1
"{'city': 'MNB', 'hour': '2016-02-04 06'}",686.0,2
"{'city': 'Konarskiego', 'hour': '2016-02-03 12'}",686.0,1
"{'city': 'Talagante', 'hour': '2016-02-06 08'}",685.6,1
"{'city': 'Konarskiego', 'hour': '2016-02-03 04'}",685.0,1
"{'city': 'Konarskiego', 'hour': '2016-01-31 09'}",683.0,1
"{'city': 'Konarskiego', 'hour': '2016-01-31 11'}",681.0,1
"{'city': 'Delhi Technological University, Delhi - CPCB', 'hour': '2016-11-07 22'}",678.1,4
"{'city': 'Talagante', 'hour': '2016-01-31 00'}",676.3,1
"{'city': 'Talagante', 'hour': '2016-01-30 13'}",676.3,1
"{'city': 'Konarskiego', 'hour': '2016-02-03 05'}",676.0,1
"{'city': 'Konarskiego', 'hour': '2016-01-31 10'}",676.0,1
"{'city': 'Konarskiego', 'hour': '2016-02-03 11'}",674.0,1
"{'city': 'Nisekh', 'hour': '2016-02-19 01'}",674.0,1
"{'city': 'Konarskiego', 'hour': '2016-01-31 07'}",671.0,1
"{'city': 'Konarskiego', 'hour': '2016-01-31 08'}",671.0,1
"{'city': 'Delhi Technological University, Delhi - CPCB', 'hour': '2016-11-07 23'}",669.3,4
"{'city': 'Delhi Technological University, Delhi - CPCB', 'hour': '2016-11-07 19'}",661.3,4
"{'city': 'Puente Alto', 'hour': '2016-02-06 09'}",659.2,1
"{'city': 'Nisekh', 'hour': '2016-02-20 08'}",659.0,1
"{'city': 'MNB', 'hour': '2016-02-04 08'}",659.0,2
"{'city': 'Talagante', 'hour': '2016-02-08 09'}",657.6,1
"{'city': 'Talagante', 'hour': '2016-01-30 22'}",657.6,1
"{'city': 'MNB', 'hour': '2016-02-04 07'}",656.0,1
"{'city': 'Delhi Technological University, Delhi - CPCB', 'hour': '2016-11-07 17'}",651.3,2
"{'city': 'Puente Alto', 'hour': '2016-02-05 10'}",649.7,1
"{'city': 'Delhi Technological University, Delhi - CPCB', 'hour': '2016-11-07 16'}",647.4,1
"{'city': 'Delhi Technological University, Delhi - CPCB', 'hour': '2016-11-08 00'}",646.9,3
"{'city': 'MNB', 'hour': '2016-01-30 05'}",644.0,2
"{'city': 'Baruun 4 zam', 'hour': '2016-01-30 09'}",644.0,1
"{'city': 'Talagante', 'hour': '2016-02-09 05'}",639.0,1
"{'city': 'Santiago', 'hour': '2016-02-03 10'}",636.1,1
"{'city': 'Delhi Technological University, Delhi - CPCB', 'hour': '2016-11-08 02'}",629.3,3
"{'city': 'Delhi Technological University, Delhi - CPCB', 'hour': '2016-11-08 01'}",627.6,1
"{'city': 'Nisekh', 'hour': '2016-02-20 07'}",623.0,1
"{'city': 'Talagante', 'hour': '2016-02-03 09'}",611.1,1
"{'city': 'Talagante', 'hour': '2016-02-09 01'}",611.1,1
"{'city': '100 ail', 'hour': '2016-01-30 07'}",606.0,1
"{'city': '100 ail', 'hour': '2016-01-30 06'}",604.0,1
"{'city': 'Talagante', 'hour': '2016-02-09 00'}",601.8,1
"{'city': 'Santiago', 'hour': '2016-02-06 11'}",601.3,1
"{'city': 'Punjabi Bagh, Delhi - DPCC', 'hour': '2016-02-07 08'}",600.0,1
"{'city': 'Punjabi Bagh, Delhi - DPCC', 'hour': '2016-02-06 23'}",600.0,3
"{'city': 'Punjabi Bagh, Delhi - DPCC', 'hour': '2016-02-08 05'}",600.0,2
"{'city': 'Bukhiin urguu', 'hour': '2016-02-01 01'}",600.0,1
